[{"id":1,"name":"Eduino Faveryear","email":"efaveryear0@yahoo.com","mob":"1922232026","dob":"21/03/1971","course":"DAC"},
{"id":2,"name":"Luci Paydon","email":"lpaydon1@facebook.com","mob":"4956922372","dob":"18/08/1986","course":"DAC"},
{"id":3,"name":"Belicia Poile","email":"bpoile2@multiply.com","mob":"8207537401","dob":"12/03/1979","course":"DAC"},
{"id":4,"name":"Robinet Camp","email":"rcamp3@canalblog.com","mob":"8861276162","dob":"14/12/1994","course":"DAC"},
{"id":5,"name":"Chrisy Clampton","email":"cclampton4@people.com.cn","mob":"6476700646","dob":"15/08/1979","course":"DAC"},
{"id":6,"name":"Raimondo Klemps","email":"rklemps5@usa.gov","mob":"1452659560","dob":"29/04/1970","course":"DAC"},
{"id":7,"name":"Harriette Sauven","email":"hsauven6@shinystat.com","mob":"0930102314","dob":"19/08/1972","course":"DAC"},
{"id":8,"name":"Tabbie Pechell","email":"tpechell7@ning.com","mob":"1984026564","dob":"05/06/1981","course":"DAC"},
{"id":9,"name":"Lucia Lafayette","email":"llafayette8@smugmug.com","mob":"5295091146","dob":"12/08/1992","course":"DAC"},
{"id":10,"name":"Roz Tatham","email":"rtatham9@toplist.cz","mob":"4487000047","dob":"07/12/1987","course":"DAC"},
{"id":11,"name":"Hendrik Bitten","email":"hbittena@hexun.com","mob":"0714648697","dob":"17/10/1993","course":"DAC"},
{"id":12,"name":"Swen David","email":"sdavidb@friendfeed.com","mob":"5959995392","dob":"24/08/1970","course":"DAC"},
{"id":13,"name":"Angy Daniells","email":"adaniellsc@patch.com","mob":"5096422909","dob":"04/12/1981","course":"DAC"},
{"id":14,"name":"Sioux Gogin","email":"sgogind@nih.gov","mob":"3078887599","dob":"01/09/1971","course":"DAC"},
{"id":15,"name":"Gerry Tytcomb","email":"gtytcombe@xing.com","mob":"2098761639","dob":"15/07/1977","course":"DAC"},
{"id":16,"name":"Sigismond Waldie","email":"swaldief@nature.com","mob":"2897728804","dob":"04/09/1990","course":"DAC"},
{"id":17,"name":"Blancha Face","email":"bfaceg@csmonitor.com","mob":"1069026089","dob":"25/10/1972","course":"DAC"},
{"id":18,"name":"Franny Tethcote","email":"ftethcoteh@time.com","mob":"9622968921","dob":"30/03/1975","course":"DAC"},
{"id":19,"name":"Desiree Heskins","email":"dheskinsi@wikipedia.org","mob":"5398204341","dob":"04/06/1986","course":"DAC"},
{"id":20,"name":"Regen Handscombe","email":"rhandscombej@engadget.com","mob":"1151218708","dob":"28/12/1993","course":"DAC"},
{"id":21,"name":"Aguistin Chataignier","email":"achataignierk@noaa.gov","mob":"4614981327","dob":"05/04/1994","course":"DAC"},
{"id":22,"name":"Regina Belhome","email":"rbelhomel@nba.com","mob":"0463084876","dob":"19/02/1981","course":"DAC"},
{"id":23,"name":"Elfrieda Frobisher","email":"efrobisherm@wunderground.com","mob":"1334827891","dob":"15/10/1996","course":"DAC"},
{"id":24,"name":"Travis Doig","email":"tdoign@quantcast.com","mob":"7470977065","dob":"19/03/1975","course":"DAC"},
{"id":25,"name":"Sharl Briscow","email":"sbriscowo@disqus.com","mob":"3522051353","dob":"12/07/1999","course":"DAC"},
{"id":26,"name":"Balduin Starsmeare","email":"bstarsmearep@paypal.com","mob":"9905097194","dob":"09/10/1996","course":"DAC"},
{"id":27,"name":"Lise Taylot","email":"ltaylotq@rambler.ru","mob":"3627816079","dob":"10/11/1992","course":"DAC"},
{"id":28,"name":"Antoinette Thay","email":"athayr@psu.edu","mob":"1677657049","dob":"11/10/1970","course":"DAC"},
{"id":29,"name":"Jdavie Luciano","email":"jlucianos@paginegialle.it","mob":"4366392054","dob":"01/05/1985","course":"DAC"},
{"id":30,"name":"Tani Glasscott","email":"tglasscottt@dailymotion.com","mob":"0742673244","dob":"14/09/1989","course":"DAC"},
{"id":31,"name":"Eveleen Elkington","email":"eelkingtonu@army.mil","mob":"4754104344","dob":"06/11/1971","course":"DAC"},
{"id":32,"name":"Gaven Ponceford","email":"gponcefordv@goo.ne.jp","mob":"3894487150","dob":"21/06/1997","course":"DAC"},
{"id":33,"name":"Felicia Beveredge","email":"fbeveredgew@who.int","mob":"0357306703","dob":"13/04/1992","course":"DAC"},
{"id":34,"name":"Charmain Basden","email":"cbasdenx@youku.com","mob":"2955488861","dob":"16/08/1970","course":"DAC"},
{"id":35,"name":"Alys Studdard","email":"astuddardy@webeden.co.uk","mob":"7416603307","dob":"12/02/1986","course":"DAC"},
{"id":36,"name":"Adolphe Nuss","email":"anussz@clickbank.net","mob":"5339372292","dob":"12/10/1998","course":"DAC"},
{"id":37,"name":"Verney Aloshkin","email":"valoshkin10@blinklist.com","mob":"9138447486","dob":"02/11/1976","course":"DAC"},
{"id":38,"name":"Gilli Bumphries","email":"gbumphries11@technorati.com","mob":"8250032032","dob":"30/10/1992","course":"DAC"},
{"id":39,"name":"Oralee Ingree","email":"oingree12@yellowbook.com","mob":"8515561862","dob":"10/06/1989","course":"DAC"},
{"id":40,"name":"Udell Berthe","email":"uberthe13@dedecms.com","mob":"4698195383","dob":"01/08/1971","course":"DAC"},
{"id":41,"name":"Curtis Yosifov","email":"cyosifov14@mail.ru","mob":"0911495130","dob":"20/10/1980","course":"DAC"},
{"id":42,"name":"Rebbecca Talboy","email":"rtalboy15@netvibes.com","mob":"4211327161","dob":"31/07/1999","course":"DAC"},
{"id":43,"name":"Berk Tremonte","email":"btremonte16@1und1.de","mob":"5124855048","dob":"02/07/1975","course":"DAC"},
{"id":44,"name":"Marten Mc Caghan","email":"mmc17@dion.ne.jp","mob":"8709838768","dob":"08/03/1981","course":"DAC"},
{"id":45,"name":"Danie Eates","email":"deates18@rakuten.co.jp","mob":"5546517021","dob":"10/06/1975","course":"DAC"},
{"id":46,"name":"Parsifal Linfitt","email":"plinfitt19@goo.gl","mob":"9432628463","dob":"30/07/1985","course":"DAC"},
{"id":47,"name":"Dorette Follis","email":"dfollis1a@acquirethisname.com","mob":"2765245416","dob":"30/01/1976","course":"DAC"},
{"id":48,"name":"Audrey Glass","email":"aglass1b@bigcartel.com","mob":"7568820786","dob":"23/03/1996","course":"DAC"},
{"id":49,"name":"Jere Filip","email":"jfilip1c@live.com","mob":"4345276987","dob":"01/05/1999","course":"DAC"},
{"id":50,"name":"Lorrin Bake","email":"lbake1d@mail.ru","mob":"0060438139","dob":"08/12/1999","course":"DAC"},
{"id":51,"name":"Sharleen Thormwell","email":"sthormwell1e@furl.net","mob":"5716881986","dob":"23/02/1977","course":"DAC"},
{"id":52,"name":"Nettle Manhood","email":"nmanhood1f@cloudflare.com","mob":"5676312985","dob":"02/09/1973","course":"DAC"},
{"id":53,"name":"Maria Luckham","email":"mluckham1g@wordpress.com","mob":"9531868715","dob":"26/12/1992","course":"DAC"},
{"id":54,"name":"Melonie Churm","email":"mchurm1h@dailymotion.com","mob":"9523895881","dob":"20/08/1970","course":"DAC"},
{"id":55,"name":"Jannelle Gontier","email":"jgontier1i@java.com","mob":"8171479223","dob":"09/06/1993","course":"DAC"},
{"id":56,"name":"Thorndike Richie","email":"trichie1j@mlb.com","mob":"3462603888","dob":"06/08/1971","course":"DAC"},
{"id":57,"name":"Dagny Anfossi","email":"danfossi1k@soup.io","mob":"8189201384","dob":"13/05/1973","course":"DAC"},
{"id":58,"name":"Stephanus Tretter","email":"stretter1l@skype.com","mob":"0021235551","dob":"24/07/1972","course":"DAC"},
{"id":59,"name":"Flossy McEachern","email":"fmceachern1m@hc360.com","mob":"1890559694","dob":"11/12/1982","course":"DAC"},
{"id":60,"name":"Gilda Deakin","email":"gdeakin1n@reddit.com","mob":"1036633010","dob":"13/03/1992","course":"DAC"},
{"id":61,"name":"Hildagard Cargenven","email":"hcargenven1o@ifeng.com","mob":"8359986850","dob":"30/08/1974","course":"DAC"},
{"id":62,"name":"Sharla Hubbucke","email":"shubbucke1p@elpais.com","mob":"0324152750","dob":"16/01/1975","course":"DAC"},
{"id":63,"name":"Stormy Turfes","email":"sturfes1q@github.io","mob":"0708284580","dob":"29/06/1995","course":"DAC"},
{"id":64,"name":"Rafaellle Vasler","email":"rvasler1r@mapy.cz","mob":"9554607262","dob":"18/12/1983","course":"DAC"},
{"id":65,"name":"Desi Bartolomeotti","email":"dbartolomeotti1s@apple.com","mob":"3030369218","dob":"15/08/1974","course":"DAC"},
{"id":66,"name":"Bessy Beverstock","email":"bbeverstock1t@opera.com","mob":"4442886348","dob":"11/01/1981","course":"DAC"},
{"id":67,"name":"Haskel Hiers","email":"hhiers1u@storify.com","mob":"7866907235","dob":"14/01/1982","course":"DAC"},
{"id":68,"name":"Josselyn Braddock","email":"jbraddock1v@si.edu","mob":"4767387272","dob":"30/07/1976","course":"DAC"},
{"id":69,"name":"Rip Rachuig","email":"rrachuig1w@tinypic.com","mob":"8082943433","dob":"10/09/1983","course":"DAC"},
{"id":70,"name":"Winnifred Pietrowski","email":"wpietrowski1x@earthlink.net","mob":"7329327656","dob":"21/06/1971","course":"DAC"},
{"id":71,"name":"Colin Minor","email":"cminor1y@indiatimes.com","mob":"7661161820","dob":"12/08/1994","course":"DAC"},
{"id":72,"name":"Gabbie Hume","email":"ghume1z@google.ca","mob":"5746369443","dob":"24/02/1994","course":"DAC"},
{"id":73,"name":"Merl Brick","email":"mbrick20@wisc.edu","mob":"7884763373","dob":"07/12/1981","course":"DAC"},
{"id":74,"name":"Rab Housegoe","email":"rhousegoe21@deviantart.com","mob":"3891905743","dob":"30/07/1999","course":"DAC"},
{"id":75,"name":"Innis Etock","email":"ietock22@jiathis.com","mob":"8821967735","dob":"04/04/1986","course":"DAC"},
{"id":76,"name":"Andi Kenford","email":"akenford23@ameblo.jp","mob":"4999673789","dob":"01/01/1977","course":"DAC"},
{"id":77,"name":"Lauretta Attenborough","email":"lattenborough24@nifty.com","mob":"6416395280","dob":"21/02/1982","course":"DAC"},
{"id":78,"name":"Freida Epps","email":"fepps25@tamu.edu","mob":"0691659912","dob":"17/11/1973","course":"DAC"},
{"id":79,"name":"Edi Garratt","email":"egarratt26@gnu.org","mob":"9633997935","dob":"08/03/1973","course":"DAC"},
{"id":80,"name":"Cherish Kerman","email":"ckerman27@earthlink.net","mob":"2942269365","dob":"12/04/1982","course":"DAC"},
{"id":81,"name":"Rollin Gooder","email":"rgooder28@shop-pro.jp","mob":"7122349432","dob":"11/08/1987","course":"DAC"},
{"id":82,"name":"Deni Sandiford","email":"dsandiford29@epa.gov","mob":"6107310814","dob":"18/07/1997","course":"DAC"},
{"id":83,"name":"Matty Iredell","email":"miredell2a@pagesperso-orange.fr","mob":"4246111858","dob":"11/11/1986","course":"DAC"},
{"id":84,"name":"Rivi Wennam","email":"rwennam2b@google.com.hk","mob":"0000670646","dob":"21/01/1982","course":"DAC"},
{"id":85,"name":"Jackie Sneddon","email":"jsneddon2c@fema.gov","mob":"2134448467","dob":"07/09/1992","course":"DAC"},
{"id":86,"name":"Ulberto Duding","email":"ududing2d@smh.com.au","mob":"3257812097","dob":"29/10/1980","course":"DAC"},
{"id":87,"name":"Yancey Cargill","email":"ycargill2e@creativecommons.org","mob":"7931239615","dob":"28/12/1986","course":"DAC"},
{"id":88,"name":"Othelia Merrell","email":"omerrell2f@reverbnation.com","mob":"6194256644","dob":"25/09/1994","course":"DAC"},
{"id":89,"name":"Zacharias Alexandersson","email":"zalexandersson2g@wix.com","mob":"0014732704","dob":"25/06/1982","course":"DAC"},
{"id":90,"name":"Northrop Spickett","email":"nspickett2h@state.tx.us","mob":"8602596734","dob":"08/07/1995","course":"DAC"},
{"id":91,"name":"Joshuah Puttan","email":"jputtan2i@ning.com","mob":"8390491404","dob":"15/09/1976","course":"DAC"},
{"id":92,"name":"Augustine Connue","email":"aconnue2j@senate.gov","mob":"9465810530","dob":"17/07/1994","course":"DAC"},
{"id":93,"name":"Sadella Huffer","email":"shuffer2k@addtoany.com","mob":"5315514562","dob":"04/11/1986","course":"DAC"},
{"id":94,"name":"Robbie Platt","email":"rplatt2l@japanpost.jp","mob":"6558155959","dob":"29/10/1976","course":"DAC"},
{"id":95,"name":"Carmine Carlett","email":"ccarlett2m@independent.co.uk","mob":"9641159837","dob":"08/03/1994","course":"DAC"},
{"id":96,"name":"Nye Smallsman","email":"nsmallsman2n@biblegateway.com","mob":"6575783265","dob":"30/01/1999","course":"DAC"},
{"id":97,"name":"Chaddie Snoddin","email":"csnoddin2o@buzzfeed.com","mob":"2010976832","dob":"02/12/1993","course":"DAC"},
{"id":98,"name":"Bailie Jerratsch","email":"bjerratsch2p@google.pl","mob":"9091383778","dob":"02/03/1986","course":"DAC"},
{"id":99,"name":"Nobe Olerenshaw","email":"nolerenshaw2q@va.gov","mob":"4112421451","dob":"03/10/1989","course":"DAC"},
{"id":100,"name":"Marv Le febre","email":"mle2r@skyrock.com","mob":"3749795971","dob":"17/03/1998","course":"DAC"},
{"id":101,"name":"Welsh McTrustram","email":"wmctrustram2s@comcast.net","mob":"9990475858","dob":"12/01/1977","course":"DAC"},
{"id":102,"name":"Helyn Worsnap","email":"hworsnap2t@1688.com","mob":"8016745399","dob":"26/12/1989","course":"DAC"},
{"id":103,"name":"Saraann Fosserd","email":"sfosserd2u@spiegel.de","mob":"3412847775","dob":"26/10/1989","course":"DAC"},
{"id":104,"name":"Franky Copo","email":"fcopo2v@4shared.com","mob":"9594013673","dob":"27/07/1988","course":"DAC"},
{"id":105,"name":"Ferris Cubberley","email":"fcubberley2w@nifty.com","mob":"2585034969","dob":"19/04/1996","course":"DAC"},
{"id":106,"name":"Maxine Seawell","email":"mseawell2x@weather.com","mob":"5235873947","dob":"06/02/1991","course":"DAC"},
{"id":107,"name":"Edna Dunabie","email":"edunabie2y@boston.com","mob":"9954884524","dob":"27/10/1987","course":"DAC"},
{"id":108,"name":"Wallace Crosher","email":"wcrosher2z@vinaora.com","mob":"0803425112","dob":"28/04/1999","course":"DAC"},
{"id":109,"name":"Rees Sever","email":"rsever30@pbs.org","mob":"4213658024","dob":"11/04/1981","course":"DAC"},
{"id":110,"name":"Pia Benthall","email":"pbenthall31@baidu.com","mob":"1151023544","dob":"24/12/1986","course":"DAC"},
{"id":111,"name":"Brandtr Fallow","email":"bfallow32@joomla.org","mob":"4125908509","dob":"22/10/1979","course":"DAC"},
{"id":112,"name":"Merlina Close","email":"mclose33@chicagotribune.com","mob":"0693627598","dob":"28/02/1985","course":"DAC"},
{"id":113,"name":"Alard Kristof","email":"akristof34@biblegateway.com","mob":"6640440014","dob":"31/12/1979","course":"DAC"},
{"id":114,"name":"Ambrosius Trevorrow","email":"atrevorrow35@wikispaces.com","mob":"1274378258","dob":"10/11/1984","course":"DAC"},
{"id":115,"name":"Arlin Elliss","email":"aelliss36@virginia.edu","mob":"3907521962","dob":"15/08/1981","course":"DAC"},
{"id":116,"name":"Pavlov Troyes","email":"ptroyes37@ft.com","mob":"6438851483","dob":"14/05/1998","course":"DAC"},
{"id":117,"name":"Rick Aberdeen","email":"raberdeen38@go.com","mob":"0665943033","dob":"23/03/1979","course":"DAC"},
{"id":118,"name":"Celinda Taynton","email":"ctaynton39@amazonaws.com","mob":"9718614816","dob":"03/09/1972","course":"DAC"},
{"id":119,"name":"Devondra Burree","email":"dburree3a@sun.com","mob":"9467017932","dob":"30/05/1976","course":"DAC"},
{"id":120,"name":"Sasha O'Sullivan","email":"sosullivan3b@wikia.com","mob":"5584940438","dob":"14/05/1977","course":"DAC"},
{"id":121,"name":"Gina Habberjam","email":"ghabberjam3c@sina.com.cn","mob":"6082221634","dob":"22/02/1971","course":"DAC"},
{"id":122,"name":"Helaine Osgodby","email":"hosgodby3d@merriam-webster.com","mob":"6281203689","dob":"31/05/1996","course":"DAC"},
{"id":123,"name":"Madalyn Hoofe","email":"mhoofe3e@forbes.com","mob":"7438700152","dob":"08/10/1970","course":"DAC"},
{"id":124,"name":"Brooks Wicken","email":"bwicken3f@arstechnica.com","mob":"7187496623","dob":"27/04/1980","course":"DAC"},
{"id":125,"name":"Jeremias Vasyushkhin","email":"jvasyushkhin3g@icq.com","mob":"5603085565","dob":"10/12/1987","course":"DAC"},
{"id":126,"name":"Peyton Amner","email":"pamner3h@usatoday.com","mob":"9822443473","dob":"18/10/1978","course":"DAC"},
{"id":127,"name":"Fredericka Softley","email":"fsoftley3i@comsenz.com","mob":"1440198891","dob":"29/03/1973","course":"DAC"},
{"id":128,"name":"Lilia Camillo","email":"lcamillo3j@wiley.com","mob":"4546106096","dob":"09/07/1992","course":"DAC"},
{"id":129,"name":"Ivy Welford","email":"iwelford3k@vk.com","mob":"2551733855","dob":"16/02/1997","course":"DAC"},
{"id":130,"name":"Malory Axcel","email":"maxcel3l@loc.gov","mob":"0328875395","dob":"18/07/1983","course":"DAC"},
{"id":131,"name":"Delores Phillpot","email":"dphillpot3m@tripadvisor.com","mob":"2195999731","dob":"09/12/1977","course":"DAC"},
{"id":132,"name":"Kalindi Guilleton","email":"kguilleton3n@unblog.fr","mob":"2812306801","dob":"19/01/1982","course":"DAC"},
{"id":133,"name":"Sunshine Josovitz","email":"sjosovitz3o@nhs.uk","mob":"1598062271","dob":"09/01/1995","course":"DAC"},
{"id":134,"name":"Stanford Eakley","email":"seakley3p@un.org","mob":"8351349069","dob":"09/04/1995","course":"DAC"},
{"id":135,"name":"Shelly Cant","email":"scant3q@upenn.edu","mob":"6488727040","dob":"13/04/1996","course":"DAC"},
{"id":136,"name":"Aleta Luckcock","email":"aluckcock3r@utexas.edu","mob":"3067030139","dob":"29/01/1989","course":"DAC"},
{"id":137,"name":"Karlan Wildman","email":"kwildman3s@hexun.com","mob":"5212532442","dob":"27/07/1993","course":"DAC"},
{"id":138,"name":"Maurie Alasdair","email":"malasdair3t@tripadvisor.com","mob":"0353298706","dob":"24/12/1970","course":"DAC"},
{"id":139,"name":"Melisse Stille","email":"mstille3u@chron.com","mob":"1868965532","dob":"28/03/1973","course":"DAC"},
{"id":140,"name":"Jessy Kerfod","email":"jkerfod3v@ebay.co.uk","mob":"6555140233","dob":"21/06/1990","course":"DAC"},
{"id":141,"name":"Mercedes Snodin","email":"msnodin3w@washington.edu","mob":"9812946939","dob":"04/04/1993","course":"DAC"},
{"id":142,"name":"Benetta Collinge","email":"bcollinge3x@myspace.com","mob":"1774823656","dob":"18/09/1995","course":"DAC"},
{"id":143,"name":"Griffin Dominey","email":"gdominey3y@telegraph.co.uk","mob":"0980192188","dob":"24/07/1989","course":"DAC"},
{"id":144,"name":"Gunther Newdick","email":"gnewdick3z@walmart.com","mob":"3767140685","dob":"04/11/1985","course":"DAC"},
{"id":145,"name":"Caspar Shillito","email":"cshillito40@bbc.co.uk","mob":"7709051758","dob":"07/07/1980","course":"DAC"},
{"id":146,"name":"Rora Cordeau]","email":"rcordeau41@addthis.com","mob":"2546896100","dob":"30/06/1982","course":"DAC"},
{"id":147,"name":"Clywd Whorton","email":"cwhorton42@irs.gov","mob":"9298657708","dob":"17/05/1990","course":"DAC"},
{"id":148,"name":"Florri Bonefant","email":"fbonefant43@si.edu","mob":"9684904891","dob":"22/09/1983","course":"DAC"},
{"id":149,"name":"Aeriel Dennerley","email":"adennerley44@yelp.com","mob":"7857247198","dob":"08/10/1992","course":"DAC"},
{"id":150,"name":"Annadiane Errichi","email":"aerrichi45@chicagotribune.com","mob":"5851482339","dob":"21/06/1991","course":"DAC"},
{"id":151,"name":"Bili Fonso","email":"bfonso46@unblog.fr","mob":"6888125320","dob":"09/03/1993","course":"DAC"},
{"id":152,"name":"Ingamar Hacon","email":"ihacon47@trellian.com","mob":"7073674828","dob":"09/05/1994","course":"DAC"},
{"id":153,"name":"Elka Soppitt","email":"esoppitt48@bloomberg.com","mob":"3008999842","dob":"23/03/1977","course":"DAC"},
{"id":154,"name":"Krissie Tschersich","email":"ktschersich49@fastcompany.com","mob":"7690074568","dob":"02/10/1972","course":"DAC"},
{"id":155,"name":"Rosana McLoughlin","email":"rmcloughlin4a@nba.com","mob":"4822352163","dob":"11/11/1985","course":"DAC"},
{"id":156,"name":"Milissent Mannagh","email":"mmannagh4b@timesonline.co.uk","mob":"3764497584","dob":"10/02/1978","course":"DAC"},
{"id":157,"name":"Cad Santon","email":"csanton4c@youtube.com","mob":"2005527512","dob":"15/03/1971","course":"DAC"},
{"id":158,"name":"Sarina Laterza","email":"slaterza4d@example.com","mob":"5720646588","dob":"18/11/1975","course":"DAC"},
{"id":159,"name":"Agata Mushett","email":"amushett4e@pinterest.com","mob":"1862508059","dob":"08/06/1996","course":"DAC"},
{"id":160,"name":"Tadeo Rubinowitch","email":"trubinowitch4f@blogtalkradio.com","mob":"3709042908","dob":"07/09/1976","course":"DAC"},
{"id":161,"name":"Kirstin Mayho","email":"kmayho4g@people.com.cn","mob":"1970669587","dob":"02/07/1970","course":"DAC"},
{"id":162,"name":"Merna McFetrich","email":"mmcfetrich4h@dailymail.co.uk","mob":"6741264820","dob":"07/11/1983","course":"DAC"},
{"id":163,"name":"Letti Brogden","email":"lbrogden4i@unicef.org","mob":"3145254481","dob":"10/04/1987","course":"DAC"},
{"id":164,"name":"Ewen Stoner","email":"estoner4j@domainmarket.com","mob":"3451679958","dob":"02/01/1972","course":"DAC"},
{"id":165,"name":"Lucia Gutierrez","email":"lgutierrez4k@multiply.com","mob":"5995559567","dob":"15/05/1979","course":"DAC"},
{"id":166,"name":"Huntlee Crafts","email":"hcrafts4l@tiny.cc","mob":"6267908189","dob":"18/06/1996","course":"DAC"},
{"id":167,"name":"Juline Capelow","email":"jcapelow4m@cafepress.com","mob":"5084193270","dob":"18/08/1994","course":"DAC"},
{"id":168,"name":"Rafaela Schriren","email":"rschriren4n@godaddy.com","mob":"4924779179","dob":"26/06/1994","course":"DAC"},
{"id":169,"name":"Dagny Pether","email":"dpether4o@desdev.cn","mob":"9245507386","dob":"19/11/1983","course":"DAC"},
{"id":170,"name":"Lottie Dukelow","email":"ldukelow4p@usgs.gov","mob":"4604410069","dob":"12/10/1980","course":"DAC"},
{"id":171,"name":"Sawyer Buick","email":"sbuick4q@usgs.gov","mob":"8876408507","dob":"05/03/1972","course":"DAC"},
{"id":172,"name":"Dannie Ruspine","email":"druspine4r@statcounter.com","mob":"5436709702","dob":"30/01/1988","course":"DAC"},
{"id":173,"name":"Anetta Calderwood","email":"acalderwood4s@sina.com.cn","mob":"5673587151","dob":"22/04/1972","course":"DAC"},
{"id":174,"name":"Kerk Cheales","email":"kcheales4t@fotki.com","mob":"2498598824","dob":"26/01/1972","course":"DAC"},
{"id":175,"name":"Carine Wattinham","email":"cwattinham4u@ycombinator.com","mob":"6908826132","dob":"16/06/1997","course":"DAC"},
{"id":176,"name":"Bria Eastbury","email":"beastbury4v@about.me","mob":"9199625556","dob":"08/06/1989","course":"DAC"},
{"id":177,"name":"Nance Santry","email":"nsantry4w@altervista.org","mob":"9803325835","dob":"12/04/1992","course":"DAC"},
{"id":178,"name":"Ray Alessandrini","email":"ralessandrini4x@alexa.com","mob":"0363566021","dob":"21/10/1984","course":"DAC"},
{"id":179,"name":"Joela Rambaut","email":"jrambaut4y@rambler.ru","mob":"1793032000","dob":"25/08/1996","course":"DAC"},
{"id":180,"name":"Phaedra Barthrup","email":"pbarthrup4z@constantcontact.com","mob":"8020818150","dob":"23/12/1975","course":"DAC"},
{"id":181,"name":"Jenn Di Dello","email":"jdi50@apache.org","mob":"5056329263","dob":"18/10/1979","course":"DAC"},
{"id":182,"name":"Bethanne McHarry","email":"bmcharry51@free.fr","mob":"1983237313","dob":"01/12/1983","course":"DAC"},
{"id":183,"name":"Richy Silversmid","email":"rsilversmid52@apple.com","mob":"6006144004","dob":"14/08/1980","course":"DAC"},
{"id":184,"name":"Beverley Salkeld","email":"bsalkeld53@upenn.edu","mob":"3172508555","dob":"26/05/1996","course":"DAC"},
{"id":185,"name":"Kial Redmire","email":"kredmire54@livejournal.com","mob":"4943647823","dob":"12/01/1976","course":"DAC"},
{"id":186,"name":"Melisa Sheers","email":"msheers55@businesswire.com","mob":"5058722936","dob":"14/08/1977","course":"DAC"},
{"id":187,"name":"Jerad Waadenburg","email":"jwaadenburg56@about.me","mob":"5046277873","dob":"22/03/1979","course":"DAC"},
{"id":188,"name":"Far Raulstone","email":"fraulstone57@hao123.com","mob":"7399635288","dob":"25/06/1993","course":"DAC"},
{"id":189,"name":"Barde Tungay","email":"btungay58@ucla.edu","mob":"2654796498","dob":"15/04/1986","course":"DAC"},
{"id":190,"name":"Moshe Zollner","email":"mzollner59@furl.net","mob":"3804486056","dob":"07/11/1976","course":"DAC"},
{"id":191,"name":"Addia Reimers","email":"areimers5a@nytimes.com","mob":"6949676405","dob":"11/06/1983","course":"DAC"},
{"id":192,"name":"Hilly Gideon","email":"hgideon5b@java.com","mob":"5377365209","dob":"26/06/1995","course":"DAC"},
{"id":193,"name":"Jacquette De Angelo","email":"jde5c@theguardian.com","mob":"0853372557","dob":"16/11/1972","course":"DAC"},
{"id":194,"name":"Alanna Ashford","email":"aashford5d@hexun.com","mob":"0838628119","dob":"01/05/1989","course":"DAC"},
{"id":195,"name":"Donna Stanlock","email":"dstanlock5e@ycombinator.com","mob":"7230863587","dob":"04/02/1999","course":"DAC"},
{"id":196,"name":"Harrison Crut","email":"hcrut5f@nymag.com","mob":"7960515676","dob":"18/09/1976","course":"DAC"},
{"id":197,"name":"Ermentrude Berthome","email":"eberthome5g@blogger.com","mob":"8219750692","dob":"01/01/1991","course":"DAC"},
{"id":198,"name":"Lucilia Todarello","email":"ltodarello5h@list-manage.com","mob":"9130021962","dob":"13/06/1977","course":"DAC"},
{"id":199,"name":"Zachery Boulsher","email":"zboulsher5i@hibu.com","mob":"5887556341","dob":"25/10/1994","course":"DAC"},
{"id":200,"name":"Kamilah Cumesky","email":"kcumesky5j@columbia.edu","mob":"9201650695","dob":"30/01/1985","course":"DAC"}]